[
  {
    "id": 1,
    "question": "如何退換貨？",
    "answer": "商品在收到後 7 天內可申請退換貨，請保持商品完整包裝。可透過官網或客服專線申請。",
    "category": "order"
  },
  {
    "id": 2,
    "question": "運費怎麼計算？",
    "answer": "訂單滿 1000 元免運費，未滿則收取 60 元運費。離島地區另加 100 元。",
    "category": "shipping"
  },
  {
    "id": 3,
    "question": "會員有什麼優惠？",
    "answer": "會員享有生日禮金、專屬折扣及點數回饋。累積消費可升級享更多優惠。",
    "category": "member"
  },
  {
    "id": 4,
    "question": "可以用哪些付款方式？",
    "answer": "支援信用卡、LINE Pay、街口支付及貨到付款。信用卡可分 3、6、12 期零利率。",
    "category": "payment"
  },
  {
    "id": 5,
    "question": "訂單多久會送達？",
    "answer": "一般訂單約 2-3 個工作天送達，急件可選擇隔日配送（加收 50 元）。離島地區約 5-7 天。",
    "category": "shipping"
  }
]
